<?xml version="1.0"?>
<app>
<name>tspdlib</name>
<source>adf.src</source>
<source>adf_1br.src</source>
<source>adf_2br.src</source>
<source>coint_cissanso.src</source>
<source>coint_egranger.src</source>
<source>coint_ghansen.src</source>
<source>coint_hatemiJ.src</source>
<source>coint_pouliaris.src</source>
<source>coint_shin.src</source>
<source>coint_tsongetal.src</source>
<source>diff.src</source>
<source>fourier_adf.src</source>
<source>fourier_gls.src</source>
<source>fourier_kpss.src</source>
<source>fourier_lm.src</source>
<source>GCtests.src</source>
<source>getlag.src</source>
<source>getleadlag.src</source>
<source>getlrvar.src</source>
<source>gls.src</source>
<source>kpss.src</source>
<source>kpss_1br.src</source>
<source>kpss_2br.src</source>
<source>lm.src</source>
<source>lm_1br.src</source>
<source>lm_2br.src</source>
<source>myols.src</source>
<source>PD_cips.src</source>
<source>PD_ILTlevel.src</source>
<source>PD_LTtrend.src</source>
<source>PD_nkarul.src</source>
<source>PD_PANIC.src</source>
<source>PDcaus_Fisher.src</source>
<source>PDcaus_SURwald.src</source>
<source>PDcaus_Zhnc.src</source>
<source>pp.src</source>
<source>qr_adf.src</source>
<source>rals_adf.src</source>
<source>rals_lm.src</source>
</app>
